index,amount,date,accountId,type
1,69999,1/6/2021,3580401894395203,jcb
2,82,10/16/2022,3574847285937524,jcb
3,17,6/7/2018,4405147070138930,visa-electron
4,12,10/22/2017,6706344253181057,laser
5,31,6/13/2017,3569547492095002,jcb
6,17,6/4/2021,6333609287122975,switch
7,48,7/18/2017,3555063977467969,jcb
8,23,1/24/2021,3554928788078547,jcb
9,47,12/30/2021,30263029558713,diners-club-carte-blanche
10,84,12/12/2016,3568251368637648,jcb
11,72,1/25/2017,5610463211374302,bankcard
12,33,1/23/2018,4026793557066448,visa-electron
13,40,6/6/2019,3539867331054458,jcb
14,57,1/2/2021,560223786292578315,china-unionpay
15,3333333,10/7/2019,3529452767744666,jcb
16,84,2/12/2018,5506768462986035,mastercard
17,38,3/17/2017,6333404056560138,switch
18,95,9/17/2018,3548570071791284,jcb
19,86,1/20/2019,4911453175494245307,switch
20,90,10/29/2019,201768404165267,diners-club-enroute
21,55,6/12/2020,56022159683994941,china-unionpay
22,53,2/2/2019,5100172902817746,mastercard
23,56,9/11/2020,3544527230777715,jcb
24,72,10/18/2019,3540273180868014,jcb
25,89,7/26/2018,3582430979179503,jcb
26,58,7/19/2019,3538588870257051,jcb
27,16,12/25/2016,30451466643151,diners-club-carte-blanche
28,46,10/8/2019,3540022584729524,jcb
29,9,2/3/2018,3548143046617420,jcb
30,11,6/28/2018,4917031277910518,visa-electron
31,72,10/11/2022,5602256637014577629,china-unionpay
32,21,6/15/2022,3586957018764941,jcb
33,10,12/13/2021,3556473809907950,jcb
34,24,3/13/2022,372301337546917,americanexpress
35,84,5/18/2018,4666269973269457,visa
36,95,7/16/2016,201503654452077,diners-club-enroute
37,61,2/19/2021,6388875064301801,instapayment
38,48,3/15/2022,3544659974191439,jcb
39,9,7/22/2021,675916675347524713,switch
40,27,2/2/2018,5602258182579275960,china-unionpay
41,2,9/29/2022,201834575353890,diners-club-enroute
42,88,8/11/2022,342958297191633,americanexpress
43,59,3/24/2018,3556438577949344,jcb
44,91,2/25/2019,490514678082012936,switch
45,28,7/26/2020,3555981717380939,jcb
46,3,9/11/2021,58934216557116176,maestro
47,62,9/11/2022,5010128285856072,mastercard
48,94,3/14/2020,6709679211205277489,laser
49,43,1/21/2018,379702118038425,americanexpress
50,23,4/2/2017,201595018681409,diners-club-enroute
51,33,1/13/2021,201533220597089,diners-club-enroute
52,76,11/20/2020,3571157302356598,jcb
53,9,12/11/2018,201831946514663,diners-club-enroute
54,48,1/8/2019,4026728014930356,visa-electron
55,17,1/16/2021,5524099293018485,mastercard
56,63,11/7/2019,30525980991657,diners-club-carte-blanche
57,77,2/27/2020,4026603999301040,visa-electron
58,52,7/9/2022,3577362673622404,jcb
59,26,10/20/2021,3528425819794203,jcb
60,33,2/3/2022,564182722287769461,switch
61,98,8/19/2020,3585843489808568,jcb
62,40,8/19/2022,5181838662355331,mastercard
63,21,10/2/2017,3555113239057601,jcb
64,90,8/4/2021,3537583018324856,jcb
65,57,11/23/2019,3530910667543147,jcb
66,68,6/12/2020,4452568855471273,visa
67,72,9/17/2021,30081878400088,diners-club-carte-blanche
68,39,6/4/2020,676713665580356884,solo
69,61,9/25/2022,4026839416997719,visa-electron
70,37,3/5/2017,4936089596542609,switch
71,20,9/11/2018,4917164758840993,visa-electron
72,71,7/13/2016,3584198082457979,jcb
73,50,8/23/2019,3565462541879717,jcb
74,48,10/29/2022,3582311887512482,jcb
75,98,6/12/2019,201518283600821,diners-club-enroute
76,71,3/27/2022,5267411720900873,mastercard
77,55,3/7/2019,4026815968909195,visa-electron
78,56,9/13/2016,4913358951467877,visa-electron
79,97,7/4/2019,3563863679617591,jcb
80,25,1/27/2018,3570342886454867,jcb
81,31,7/18/2020,3528351408893778,jcb
82,73,10/13/2022,3528728575846574,jcb
83,100,6/3/2016,561051209132523867,china-unionpay
84,91,5/17/2017,3575437573341115,jcb
85,98,2/22/2022,490336492590272396,switch
86,68,5/16/2019,3532306851015877,jcb
87,37,11/27/2019,201760263236685,diners-club-enroute
88,27,1/22/2020,3542520396861946,jcb
89,99,10/6/2017,4844338793025673,visa-electron
90,35,9/25/2017,5384402430834260,mastercard
91,78,5/14/2020,6334770956691986,solo
92,30,8/22/2016,5165085690050860,mastercard
93,71,3/5/2019,3570385823016471,jcb
94,21,4/11/2018,374288023540601,americanexpress
95,95,10/6/2017,3581066118034661,jcb
96,96,10/4/2022,58934782946993963,maestro
97,10,4/5/2021,6386077923149628,instapayment
98,25,2/17/2021,3568553046410284,jcb
99,24,8/12/2019,4936237246298637336,switch
100,100,7/4/2022,6759770131802710653,switch
101,17,11/17/2020,560223538293650548,china-unionpay
102,80,12/12/2017,201925305195005,diners-club-enroute
103,83,1/28/2022,3556604931895222,jcb
104,83,11/19/2017,5602227672651643,china-unionpay
105,40,10/22/2021,374283758305445,americanexpress
106,26,8/3/2016,3582748507831406,jcb
107,20,2/1/2019,3588040953191673,jcb
108,85,1/14/2020,5893401326627198366,maestro
109,25,3/26/2018,3560225191382117,jcb
110,73,3/6/2017,50383122065829644,maestro
111,41,2/4/2022,3571700166850055,jcb
112,47,5/4/2022,4913521630392358,visa-electron
113,41,10/31/2017,3589103240693676,jcb
114,29,7/11/2019,6761774553138757821,maestro
115,49,11/26/2020,201718692241452,diners-club-enroute
116,4,7/23/2021,3548699316144635,jcb
117,9,12/25/2020,30516055848385,diners-club-carte-blanche
118,81,10/15/2016,6763418856486731712,maestro
119,6,2/2/2022,3571575639245251,jcb
120,76,6/12/2019,5602243254849109,bankcard
121,1,8/18/2021,3582101668564673,jcb
122,35,7/19/2016,30124401535366,diners-club-carte-blanche
123,31,8/23/2018,3536540985850959,jcb
124,34,5/31/2018,5602214363369032,china-unionpay
125,45,6/12/2017,349877198128762,americanexpress
126,87,7/9/2022,3561690072709473,jcb
127,12,10/21/2018,5544705646502639,mastercard
128,41,1/8/2020,372486920031953,americanexpress
129,73,12/6/2016,3534670014755192,jcb
130,91,11/28/2021,491195973175411572,switch
131,52,11/11/2016,30129273582693,diners-club-carte-blanche
132,59,4/19/2022,3588668686798248,jcb
133,93,5/13/2020,6761483036321326812,maestro
134,25,5/20/2016,3583881889720126,jcb
135,86,5/6/2022,3540365612552891,jcb
136,22,3/8/2021,201599063786071,diners-club-enroute
137,11,12/29/2019,3578309036285501,jcb
138,99,11/16/2016,3578092450930766,jcb
139,18,5/14/2020,5602210805934854,bankcard
140,28,4/23/2019,3554692272214030,jcb
141,57,5/9/2017,4905352231010979,switch
142,72,9/26/2020,3576697102323509,jcb
143,20,10/1/2019,4814459771056096,visa
144,34,10/6/2018,30316543018885,diners-club-carte-blanche
145,98,7/6/2020,3564653965740267,jcb
146,64,8/15/2017,5641823432679032,switch
147,39,9/21/2017,63043394618353829,maestro
148,81,8/20/2019,374622864513949,americanexpress
149,81,8/4/2020,3580655330111835,jcb
150,7,3/7/2020,201914868103192,diners-club-enroute
151,11,5/8/2017,501839275842485775,maestro
152,23,8/31/2017,3580278553190988,jcb
153,37,6/11/2019,4936556695721219216,switch
154,50,7/15/2019,6334899649950077,solo
155,9,11/8/2019,560225109996696895,china-unionpay
156,82,11/5/2017,5038773768744324403,maestro
157,19,4/14/2020,6396307916638156,instapayment
158,34,11/22/2016,63044954412946976,maestro
159,5,4/8/2022,3562344106695907,jcb
160,33,5/8/2018,676151635289945047,maestro
161,60,2/10/2019,503828917713611745,maestro
162,20,8/18/2020,3537704954473016,jcb
163,90,2/12/2018,3552778473819180,jcb
164,81,10/25/2016,5010120895870221,mastercard
165,16,10/3/2020,490538343611469170,switch
166,7,5/7/2021,4026761246572738,visa-electron
167,95,10/26/2016,633377654749505589,switch
168,28,12/21/2020,4903477001324532,switch
169,37,7/9/2016,4911205686413241,switch
170,1,1/3/2021,30151353864098,diners-club-carte-blanche
171,9,7/28/2017,30118205400207,diners-club-carte-blanche
172,92,10/2/2022,6383231612647607,instapayment
173,36,8/17/2021,3569469043927239,jcb
174,35,6/10/2017,201452701683401,diners-club-enroute
175,73,5/18/2017,3563150513266813,jcb
176,50,1/5/2017,4508182904411506,visa-electron
177,15,1/11/2017,5020924559282345298,maestro
178,57,5/21/2017,3569113130496738,jcb
179,85,3/6/2020,3567900264039074,jcb
180,22,6/25/2022,4476251155006,visa
181,48,5/8/2016,6334099984273229009,solo
182,44,10/22/2021,3551928608995055,jcb
183,4,5/14/2020,4041378605638,visa
184,68,12/24/2019,6771526569849901797,laser
185,15,2/23/2020,5610043728944068,bankcard
186,96,8/13/2017,3586270589283451,jcb
187,80,8/1/2017,4017959788613,visa
188,14,12/10/2018,6378537895868356,instapayment
189,4,11/8/2021,4026388770006626,visa-electron
190,90,6/6/2020,5610452657273755,bankcard
191,42,5/11/2018,3567315573101939,jcb
192,94,4/8/2022,3530544214309460,jcb
193,43,3/2/2021,3538198276823124,jcb
194,27,1/17/2019,3588135331190312,jcb
195,79,2/12/2021,6767695567728032,solo
196,85,2/20/2021,3556757803008116,jcb
197,51,8/29/2019,5576721501863207,mastercard
198,76,7/19/2018,3559633747797212,jcb
199,11,4/24/2020,5108759950634965,mastercard
200,10,9/17/2021,3562472095768649,jcb
201,16,1/16/2018,6331106993103105039,switch
202,52,10/4/2022,3535191908539153,jcb
203,73,1/9/2021,5010128192013759,mastercard
204,96,5/3/2020,337941099728106,americanexpress
205,21,12/28/2020,5602255938403467,bankcard
206,72,10/13/2022,561060872414121194,china-unionpay
207,4,10/14/2017,3556239019777800,jcb
208,29,12/20/2019,3555567614329366,jcb
209,74,9/21/2020,3529430438037611,jcb
210,62,10/13/2018,5602235999444204,china-unionpay
211,34,1/23/2022,3570252668234751,jcb
212,42,12/19/2017,3575065344538758,jcb
213,92,1/12/2019,3575828419543551,jcb
214,83,1/15/2018,201916673101774,diners-club-enroute
215,48,3/18/2018,3531564301429699,jcb
216,81,9/11/2022,3561513832281478,jcb
217,7,7/24/2021,3560860603877963,jcb
218,63,11/4/2017,5007661034627803,mastercard
219,79,9/6/2017,560221116073550642,china-unionpay
220,64,12/20/2019,5188681852841394,mastercard
221,38,6/15/2021,3533252644447135,jcb
222,96,10/6/2020,5306659632831783,mastercard
223,24,4/24/2019,374622660013722,americanexpress
224,40,10/24/2016,5610628557843482177,china-unionpay
225,3,11/1/2020,4041379347763659,visa
226,18,12/29/2021,374622031672404,americanexpress
227,34,1/18/2017,3536971937709128,jcb
228,70,10/9/2018,3528065114501935,jcb
229,58,7/24/2019,6767773943475824,solo
230,69999,5/3/2020,30532174930814,diners-club-carte-blanche
231,69999,3/4/2021,3537200100544883,jcb
232,92,8/7/2019,5497026934347919,mastercard
233,79,11/9/2016,3543909002735082,jcb
234,32,5/27/2017,6387751301590590,instapayment
235,10,7/18/2018,5602246736283862,bankcard
236,17,8/16/2017,3586438822670616,jcb
237,59,2/21/2019,5018646095284690,maestro
238,23,12/29/2017,3540915025721614,jcb
239,48,2/4/2018,3558522224407406,jcb
240,79,9/14/2019,6381465077677228,instapayment
241,38,1/5/2022,5602249702310081,bankcard
242,45,6/13/2020,3577001768036142,jcb
243,28,10/1/2022,30463828988950,diners-club-carte-blanche
244,38,11/12/2021,6377424827919519,instapayment
245,93,10/8/2017,3576759338781585,jcb
246,91,9/23/2019,30395683378143,diners-club-carte-blanche
247,62,4/10/2017,5602252417273834,bankcard
248,5,3/13/2022,3548316208902554,jcb
249,97,12/2/2017,3585233262150919,jcb
250,27,4/4/2020,374622864713820,americanexpress
251,81,2/6/2018,3568081338386178,jcb
252,74,6/9/2017,3530438618396423,jcb
253,2,3/2/2021,3574158805932197,jcb
254,68,11/28/2016,201811411775684,diners-club-enroute
255,41,3/11/2022,5507133087587982,diners-club-us-ca
256,78,6/6/2020,3587720307977254,jcb
257,28,7/3/2020,3570918594864172,jcb
258,18,8/12/2018,5010123489494879,mastercard
259,31,4/14/2021,3550155603763459,jcb
260,5,9/30/2017,5301842746092048,mastercard
261,98,5/22/2022,4405983934355223,visa-electron
262,55,3/25/2018,560222201846720240,china-unionpay
263,60,1/31/2021,5641820650191797659,switch
264,91,7/1/2016,337941811429819,americanexpress
265,48,9/10/2021,341301980970156,americanexpress
266,31,3/16/2021,5010122655446325,mastercard
267,92,12/7/2018,56022282268209798,china-unionpay
268,73,11/30/2021,3568828426928299,jcb
269,68,7/29/2021,342725609114532,americanexpress
270,81,3/31/2019,5517575418108409,diners-club-us-ca
271,23,4/12/2020,3550027700663108,jcb
272,21,12/6/2016,372301534314648,americanexpress
273,95,12/18/2016,3551031927221020,jcb
274,32,3/17/2020,374622907381890,americanexpress
275,95,10/9/2017,5238280176392398,mastercard
276,51,9/28/2020,6331102196758321,switch
277,80,11/30/2020,3561606324161461,jcb
278,23,6/27/2021,56022341378582310,china-unionpay
279,99,5/11/2018,5602225040592242,china-unionpay
280,45,9/21/2022,630495162018443055,maestro
281,51,1/16/2018,4917805820708044,visa-electron
282,18,1/9/2018,6761189192480074,maestro
283,22,7/28/2020,3564655263354360,jcb
284,96,7/30/2021,67614225462913203,maestro
285,11,12/15/2018,3583657129120016,jcb
286,53,4/15/2022,3585682793531700,jcb
287,84,7/16/2016,3555391327891780,jcb
288,63,5/1/2021,3541932955874122,jcb
289,1,8/22/2021,4041590557773374,visa
290,79,5/15/2018,5010122644511049,mastercard
291,40,9/25/2016,5010124659693571,mastercard
292,18,3/3/2022,6759129943641482312,switch
293,9,4/30/2019,3547570756809204,jcb
294,99,5/11/2018,676729952792610296,solo
295,79,4/21/2020,3582192491450628,jcb
296,94,5/7/2020,5602220324951495,bankcard
297,7,7/25/2020,5201250268414064,mastercard
298,52,8/29/2018,4917805244721987,visa-electron
299,40,12/19/2019,490348994443779762,switch
300,14,10/23/2018,5610088862399702,bankcard
301,37,1/5/2020,30032113538661,diners-club-carte-blanche
302,88,5/18/2021,6759887229415674,switch
303,10,10/29/2021,670967264783344354,laser
304,91,2/26/2017,4844736347829401,visa-electron
305,14,10/23/2016,3555356971981724,jcb
306,54,10/19/2022,5602256864138895,bankcard
307,85,2/18/2018,5225710398824575,mastercard
308,81,7/17/2019,3554724854789558,jcb
309,27,4/16/2022,5602254821396995,bankcard
310,74,1/13/2017,675985472984644715,switch
311,92,9/22/2018,30503075853389,diners-club-carte-blanche
312,18,9/5/2022,5010120483580679,mastercard
313,73,5/1/2021,3569251650133834,jcb
314,29,11/8/2020,3561376491807185,jcb
315,81,2/24/2018,4026989909099190,visa-electron
316,36,5/4/2019,5412692089965797,mastercard
317,36,4/13/2018,3551669904578415,jcb
318,19,8/18/2021,6380945435512697,instapayment
319,16,3/5/2019,5108757657744921,mastercard
320,41,2/5/2018,3540074318754641,jcb
321,44,9/26/2017,3566385643746279,jcb
322,80,5/8/2019,3561088045543295,jcb
323,33,7/13/2017,3529628083423701,jcb
324,8,6/26/2016,676192640978965315,maestro
325,71,1/3/2020,491166903674232109,switch
326,73,11/27/2019,201533206607456,diners-club-enroute
327,96,1/15/2021,201579247342090,diners-club-enroute
328,65,1/23/2018,30441219108172,diners-club-carte-blanche
329,24,7/27/2019,4508813830933193,visa-electron
330,63,7/1/2018,3543857387524151,jcb
331,6,3/7/2018,6763050603207514,maestro
332,91,6/2/2020,3561581434661215,jcb
333,62,12/22/2019,5010129194915975,mastercard
334,83,8/18/2019,3580997823656086,jcb
335,11,12/22/2020,6374551814194152,instapayment
336,3,9/16/2022,3549345435977492,jcb
337,72,8/8/2019,5602238358749015,bankcard
338,48,12/15/2016,5100136214602005,mastercard
339,94,3/28/2018,4766634233855974,visa
340,81,3/17/2022,374622596039833,americanexpress
341,66,1/19/2021,633305924361395297,switch
342,64,3/11/2020,3560428399503647,jcb
343,23,8/15/2018,4175003489488507,visa-electron
344,37,7/22/2021,3566639154101930,jcb
345,34,12/3/2019,3579539475486124,jcb
346,33,5/21/2020,3552196023859715,jcb
347,27,8/26/2017,5447495275813964,mastercard
348,76,3/3/2018,374288086825956,americanexpress
349,22,8/1/2019,3588218113552212,jcb
350,16,9/8/2020,30038336079110,diners-club-carte-blanche
351,15,11/4/2020,3568627727726828,jcb
352,6,12/23/2016,6759926075826758060,maestro
353,23,11/14/2018,5010122554538057,mastercard
354,46,5/9/2021,3544128767185909,jcb
355,56,1/24/2017,67592072873355533,maestro
356,95,1/13/2019,493625440300279288,switch
357,69999,12/20/2020,201669528526386,diners-club-enroute
358,59,7/30/2019,3528978109955355,jcb
359,46,7/7/2016,5602221246605243,bankcard
360,33,7/1/2017,3559993944751259,jcb
361,3,4/30/2021,67623972435176736,maestro
362,14,8/1/2018,3584035561501465,jcb
363,72,5/6/2016,560225063180806523,china-unionpay
364,6,2/11/2019,5020484870654715360,maestro
365,82,6/15/2018,5602249177081688,bankcard
366,42,3/16/2021,5602222959688132817,china-unionpay
367,13,12/5/2019,3557580972278701,jcb
368,14,10/1/2020,201793506275335,diners-club-enroute
369,37,8/31/2021,4913184707403747,visa-electron
370,63,3/4/2018,670627118412046370,laser
371,8,5/22/2021,06043384361311412,maestro
372,71,9/4/2022,6374250598139521,instapayment
373,29,1/30/2022,5610397013616330,bankcard
374,85,11/6/2018,374288371501312,americanexpress
375,60,4/17/2017,67638228229061680,maestro
376,37,5/27/2021,3561642449925506,jcb
377,10,2/3/2017,6374375300369841,instapayment
378,28,5/6/2020,201471990908121,diners-club-enroute
379,8,10/30/2017,3550702368424064,jcb
380,74,5/4/2020,6763503822647128723,maestro
381,18,1/3/2017,4903051077230491,switch
382,51,9/10/2016,374283202562609,americanexpress
383,9,7/22/2020,3579753437728008,jcb
384,21,12/11/2016,30582247032023,diners-club-carte-blanche
385,99,9/10/2020,372301348499304,americanexpress
386,69999,9/26/2020,201957876068139,diners-club-enroute
387,41,2/23/2018,3581950828351335,jcb
388,46,9/28/2018,5048376059527074,mastercard
389,25,1/23/2018,3545177551425038,jcb
390,13,4/6/2020,3588235564749725,jcb
391,97,11/24/2021,3543133052118004,jcb
392,42,11/5/2016,3543412419552331,jcb
393,59,9/25/2018,060476787038815198,maestro
394,83,5/17/2017,56022338379405244,china-unionpay
395,4,12/16/2017,4903121904449657137,switch
396,99,8/11/2017,372301849396876,americanexpress
397,46,5/25/2020,3589772936559282,jcb
398,51,8/3/2022,3589443694157525,jcb
399,97,2/16/2018,5300188694177774,mastercard
400,36,9/10/2019,5100143892305240,mastercard
401,65,8/25/2021,3558147990897620,jcb
402,65,1/6/2018,6304792184949189942,maestro
403,38,6/24/2019,6706050870581435,laser
404,21,12/11/2021,3529305341874310,jcb
405,8,2/1/2019,30320736215613,diners-club-carte-blanche
406,73,7/7/2022,3575858124701814,jcb
407,93,7/29/2022,3544096644680949,jcb
408,60,12/16/2016,3585979704909433,jcb
409,93,4/9/2019,5007660287950185,mastercard
410,19,8/1/2017,3545303451009686,jcb
411,40,8/20/2019,5641822404051782,switch
412,18,11/30/2019,3546552521246806,jcb
413,35,8/13/2022,675918514225528579,maestro
414,36,2/6/2017,3576985923644926,jcb
415,56,7/3/2016,3575049965877422,jcb
416,13,8/28/2021,3545422029441450,jcb
417,31,5/16/2020,502056312478412007,maestro
418,14,11/29/2016,3531558443107528,jcb
419,28,3/7/2021,337941861803228,americanexpress
420,73,3/17/2022,67618233161675509,maestro
421,63,12/31/2019,3587134128254762,jcb
422,70,6/28/2016,58930595436170387,maestro
423,17,5/11/2021,3566012845695654,jcb
424,52,6/9/2021,5252327448077249,mastercard
425,54,5/15/2016,4508285146631409,visa-electron
426,55,7/5/2020,5010122872888994,mastercard
427,31,4/7/2020,63043621735803090,maestro
428,68,6/9/2016,6759821487542929,switch
429,85,6/28/2018,56022413385819884,china-unionpay
430,75,7/30/2021,3542723249607462,jcb
431,4,10/31/2022,3543972646704021,jcb
432,99,3/22/2022,3545027348870014,jcb
433,78,2/17/2018,633470389846316848,solo
434,91,4/28/2017,3586128101144462,jcb
435,51,5/6/2019,3576458648522108,jcb
436,59,1/22/2017,3578830219095375,jcb
437,25,2/3/2017,3542658220674364,jcb
438,65,7/3/2017,4903129171948401803,switch
439,96,8/3/2016,201766966821202,diners-club-enroute
440,65,3/6/2017,3571706727618493,jcb
441,84,10/31/2021,3535557310743718,jcb
442,88,12/2/2018,30503527913526,diners-club-carte-blanche
443,74,11/3/2016,493692909666635174,switch
444,65,8/31/2019,3535899581900597,jcb
445,46,8/20/2019,5610337720532260146,china-unionpay
446,88,8/14/2022,3569210089131884,jcb
447,57,1/14/2021,3538855536904198,jcb
448,82,9/18/2018,676391633053074292,maestro
449,81,12/17/2016,5020910850129740668,maestro
450,29,5/9/2019,3560081331709614,jcb
451,47,6/26/2019,201733812314717,diners-club-enroute
452,14,3/19/2020,3531541310581074,jcb
453,20,6/14/2020,4936388826504797,switch
454,22,8/16/2022,3584257335592055,jcb
455,46,3/11/2019,5018124856960983933,maestro
456,19,9/15/2018,6398265140598000,instapayment
457,75,4/26/2022,5378709337488539,mastercard
458,25,11/23/2018,5150550161646253,mastercard
459,81,5/9/2020,3539428639442034,jcb
460,79,7/26/2021,3529744932374555,jcb
461,81,2/9/2021,3566227616925433,jcb
462,15,6/5/2022,5007666398259028,mastercard
463,66,1/12/2022,201862661974915,diners-club-enroute
464,89,7/13/2019,5602224436927641,bankcard
465,58,8/5/2018,5048379585925788,mastercard
466,5,7/5/2017,675917783247933031,maestro
467,15,8/8/2017,3545503740066120,jcb
468,22,10/24/2020,5467071363834413,mastercard
469,6,10/2/2016,5561894054702697,mastercard
470,76,5/10/2021,3580926128453204,jcb
471,56,1/26/2017,201636713670261,diners-club-enroute
472,69999,5/25/2020,4368703872322,visa
473,63,11/28/2017,3530231469532653,jcb
474,53,11/3/2021,30508813735582,diners-club-carte-blanche
475,96,3/13/2021,30531249172105,diners-club-carte-blanche
476,35,8/26/2020,5893751397789469,maestro
477,100,7/15/2020,3546321931563592,jcb
478,37,1/6/2020,6771028552726658410,laser
479,40,9/24/2021,30493659662341,diners-club-carte-blanche
480,76,6/5/2022,3562383156984167,jcb
481,48,9/23/2018,3529990173085307,jcb
482,62,7/8/2022,3539725559254475,jcb
483,61,9/28/2016,3544730352179948,jcb
484,78,6/15/2022,3547401345796803,jcb
485,83,6/1/2021,201970743488422,diners-club-enroute
486,46,10/19/2021,3562901487194139,jcb
487,7,12/22/2019,5018098350892666685,maestro
488,63,6/26/2021,3558479366403125,jcb
489,11,7/27/2017,6762355445188296179,maestro
490,58,12/23/2019,3564807430771733,jcb
491,71,6/2/2022,6333812968753502,switch
492,67,7/14/2017,3536738140674633,jcb
493,85,7/9/2016,4917396756084519,visa-electron
494,49,8/22/2020,3558220071064970,jcb
495,42,8/25/2020,3562961299550795,jcb
496,12,3/24/2017,3528006686050901,jcb
497,11,12/4/2017,3541290647107769,jcb
498,47,11/21/2016,3573973580389483,jcb
499,32,5/19/2021,4903441220562223,switch
500,12,8/20/2018,3534760546082247,jcb
501,89,6/30/2019,3545479480149899,jcb
502,16,1/20/2021,3555599202137687,jcb
503,68,12/6/2021,3548756475568960,jcb
504,15,4/18/2018,201780291674053,diners-club-enroute
505,14,3/22/2017,5007660763051367,mastercard
506,42,7/4/2020,3542578568945244,jcb
507,56,9/2/2017,3548628356998030,jcb
508,57,5/3/2018,3543175250682273,jcb
509,96,6/14/2018,4911124488354995708,switch
510,2,10/20/2016,589360795715473485,maestro
511,28,6/12/2016,36211593572796,diners-club-international
512,9,4/28/2020,4041370866063,visa
513,83,10/17/2022,5010128708367038,mastercard
514,49,3/5/2017,5480112478851463,mastercard
515,27,12/23/2019,5100145201737476,mastercard
516,60,10/5/2019,5602256612488873,bankcard
517,9,12/16/2016,677137966188166063,laser
518,63,10/8/2019,5602223418107016,bankcard
519,29,5/29/2020,4017959436296,visa
520,89,9/17/2019,4911152562728792630,switch
521,43,8/5/2019,3532587063409491,jcb
522,15,7/20/2019,3583835494932799,jcb
523,81,5/10/2020,5002357572823939,mastercard
524,91,1/11/2019,6333666369250924019,switch
525,66,3/16/2020,3585922671689729,jcb
526,97,8/8/2022,560222523645942216,china-unionpay
527,37,2/10/2017,5495016572723994,mastercard
528,70,11/11/2019,5602234658755729,china-unionpay
529,58,8/23/2017,3536327090809819,jcb
530,74,4/19/2019,4026223894312347,visa-electron
531,56,10/21/2022,3565966274678187,jcb
532,23,6/15/2019,6372100444659408,instapayment
533,61,6/22/2016,30296080624230,diners-club-carte-blanche
534,27,11/12/2022,3567812577259507,jcb
535,30,4/9/2021,30128129555515,diners-club-carte-blanche
536,72,2/18/2022,5602217135876416,bankcard
537,43,3/15/2017,376251274091292,americanexpress
538,69999,12/14/2021,3542062736150243,jcb
539,80,6/16/2017,676716580016089891,solo
540,3,8/17/2020,5100140782472908,mastercard
541,12,11/10/2016,4905602907809517208,switch
542,55,1/15/2020,5641827955157326,switch
543,65,9/17/2018,4913621478366637,visa-electron
544,30,11/21/2017,6379325474941771,instapayment
545,44,11/5/2019,490501137962459704,switch
546,30,10/27/2020,3530350640129104,jcb
547,30,5/20/2020,4184185766894,visa
548,25,12/21/2017,6331108744612531076,switch
549,68,1/4/2020,3577904672188331,jcb
550,81,1/10/2021,3567869974635994,jcb
551,28,1/9/2020,3586121395197312,jcb
552,4,8/5/2016,375183668996524,americanexpress
553,97,4/28/2017,348935565131495,americanexpress
554,68,7/23/2018,4230955588396,visa
555,84,12/4/2017,5291643855497321,mastercard
556,55,1/7/2017,3533192296733988,jcb
557,56,7/16/2020,5020034295838480,maestro
558,69999,9/18/2018,670971233885860371,laser
559,88,8/14/2021,374283219379716,americanexpress
560,88,7/22/2016,3555132242331597,jcb
561,66,6/11/2019,201773398031574,diners-club-enroute
562,98,8/8/2017,6371370555382121,instapayment
563,1,4/6/2018,3562469302343257,jcb
564,98,7/6/2017,6383246069112186,instapayment
565,64,3/14/2019,5268928500388184,mastercard
566,57,10/7/2020,3536324950485863,jcb
567,94,6/21/2019,3575592583211276,jcb
568,55,6/9/2021,3582570146231974,jcb
569,61,10/26/2018,4905533643779570,switch
570,97,6/11/2020,3530654959199776,jcb
571,29,7/3/2017,5018650032559056463,maestro
572,56,10/25/2019,5100139682428077,mastercard
573,75,5/8/2022,50385977008988676,maestro
574,76,4/17/2018,5002358408990488,mastercard
575,80,2/23/2018,5602225370028522179,china-unionpay
576,7,5/4/2016,3528368163618869,jcb
577,95,8/28/2017,501836646245842932,maestro
578,33,10/28/2020,3547118884420021,jcb
579,12,12/24/2016,6304616682846667377,maestro
580,46,6/22/2019,633110920363423595,switch
581,30,6/26/2021,5602259799510030,bankcard
582,95,7/24/2022,3580504695868920,jcb
583,60,1/19/2019,3536692111185063,jcb
584,26,1/23/2021,3567066101671519,jcb
585,100,6/19/2022,201509152390784,diners-club-enroute
586,8,1/17/2022,3564903031990309,jcb
587,75,11/19/2020,3546378159113682,jcb
588,78,8/25/2022,3547340378801884,jcb
589,17,4/5/2020,201483009239323,diners-club-enroute
590,22,8/23/2022,372301913192664,americanexpress
591,70,7/28/2017,63047692831589848,laser
592,58,7/28/2016,4917331210012525,visa-electron
593,88,4/2/2020,5002354415168838,mastercard
594,4,1/22/2017,3589554576641640,jcb
595,24,7/7/2018,490389180827719828,switch
596,18,6/21/2016,50188251139305146,maestro
597,50,6/12/2020,3551717272469855,jcb
598,60,1/13/2017,201470200496737,diners-club-enroute
599,2,10/28/2018,5602216749034107,bankcard
600,89,7/18/2021,337941566295852,americanexpress
601,95,11/6/2022,56104089583471842,china-unionpay
602,5,5/31/2018,5602226439013910324,china-unionpay
603,71,11/4/2018,5360145142042163,mastercard
604,22,5/22/2019,3552182219748706,jcb
605,71,7/27/2022,4041374527125,visa
606,43,8/18/2020,30082854198928,diners-club-carte-blanche
607,76,3/16/2018,3561960690575949,jcb
608,95,11/23/2018,4911994174656540,switch
609,90,3/6/2021,3583846873969237,jcb
610,70,4/5/2018,5100130273937279,mastercard
611,42,9/10/2019,5100149668625364,mastercard
612,9,3/22/2018,3584797140718932,jcb
613,96,6/11/2018,377159845919702,americanexpress
614,66,12/7/2016,3547327884853723,jcb
615,71,10/29/2021,3587001488996383,jcb
616,32,4/7/2020,201443072031759,diners-club-enroute
617,2,6/4/2019,5461372643665155,diners-club-us-ca
618,100,11/12/2020,3574745694460866,jcb
619,39,12/7/2018,374288791908782,americanexpress
620,70,6/2/2021,5602245529207484,bankcard
621,71,7/9/2020,4026107305910551,visa-electron
622,55,2/22/2017,3556942002267842,jcb
623,25,1/11/2021,201714820039371,diners-club-enroute
624,1,4/14/2019,3558397012877551,jcb
625,56,6/30/2017,6759679885697566650,switch
626,39,11/13/2021,6771177925090206728,laser
627,69999,7/15/2016,4820712209870229,visa
628,41,5/7/2022,56022559575075834,china-unionpay
629,27,8/15/2021,3529420082930153,jcb
630,54,2/26/2020,4844835910984302,visa-electron
631,99,3/21/2018,3569969232291925,jcb
632,98,4/21/2020,6331107336406419633,switch
633,35,12/13/2020,6379635707297910,instapayment
634,99,6/7/2017,3561791935983006,jcb
635,59,4/8/2018,3533825893189514,jcb
636,33,1/15/2019,4041593977796,visa
637,83,10/18/2021,5100132953569562,mastercard
638,63,1/13/2021,6759066541373319184,switch
639,14,1/15/2018,3539328183174845,jcb
640,1,4/25/2019,4917927211831647,visa-electron
641,34,6/28/2022,5602227114571581,bankcard
642,67,5/19/2019,3552957189961490,jcb
643,16,12/6/2018,30136871712341,diners-club-carte-blanche
644,87,8/26/2018,3574064321181634,jcb
645,43,11/16/2017,3561398070273175,jcb
646,55,11/8/2016,5602244239874105,bankcard
647,49,6/20/2017,201903352965729,diners-club-enroute
648,14,2/20/2022,5610395011105207,bankcard
649,4,5/9/2019,344253983069725,americanexpress
650,21,6/25/2016,3588010314310155,jcb
651,70,10/16/2020,6331109574741357385,switch
652,77,1/6/2021,5602223491719299,bankcard
653,5,11/19/2019,4903222226218611808,switch
654,89,9/10/2019,56022535072655906,china-unionpay
655,32,1/17/2020,374288095683065,americanexpress
656,44,5/2/2021,503876640366680632,maestro
657,82,7/2/2020,372733251851610,americanexpress
658,51,1/8/2020,5641829109663011785,switch
659,61,10/28/2018,30570993976477,diners-club-carte-blanche
660,35,6/23/2018,5100139300893496,mastercard
661,55,3/16/2019,4175009164938781,visa-electron
662,64,11/26/2017,67634651368449008,maestro
663,76,12/24/2019,3578634906670734,jcb
664,84,6/13/2022,3552025257056153,jcb
665,46,3/27/2019,060464020050714998,maestro
666,80,2/25/2021,6759828199725198258,maestro
667,27,1/22/2017,6767538309322967518,solo
668,49,8/22/2022,67093278084555076,laser
669,62,11/10/2016,3532884532413356,jcb
670,32,8/3/2017,3541723229974719,jcb
671,62,7/1/2022,3548605710348052,jcb
672,61,1/17/2021,36312982454446,diners-club-international
673,44,7/8/2017,6709265388699783832,laser
674,36,4/6/2022,564182379203609972,switch
675,3,11/11/2022,3583329052777143,jcb
676,82,3/3/2019,6709219400292634,laser
677,99,8/9/2018,3568646676097890,jcb
678,28,8/27/2022,56022128193312340,china-unionpay
679,50,4/23/2020,4883059942040,visa
680,54,12/13/2017,3557551921440635,jcb
681,13,6/29/2022,3546752466672491,jcb
682,27,2/16/2022,30158211864962,diners-club-carte-blanche
683,17,11/6/2017,3539910510338282,jcb
684,83,7/24/2017,30584925813229,diners-club-carte-blanche
685,15,10/17/2016,5602246839259462,bankcard
686,7,1/26/2020,3555807932717300,jcb
687,91,12/8/2017,67619300524007255,maestro
688,71,9/2/2022,4041373824003473,visa
689,52,5/8/2022,3585985124392159,jcb
690,83,1/6/2019,5602252838392668,bankcard
691,5,7/2/2017,3585370909947222,jcb
692,45,7/11/2021,5100174783286868,mastercard
693,63,9/22/2017,5602235667034204,bankcard
694,43,2/20/2020,4936183891183894759,switch
695,5,2/12/2019,4911793780978789,switch
696,18,1/23/2018,5461504326490291,mastercard
697,18,12/5/2018,3560571698308125,jcb
698,98,7/25/2016,67717312800731095,laser
699,2,12/30/2021,3528155647307635,jcb
700,96,7/30/2017,5007661711067794,mastercard
701,14,1/4/2020,3588718305039555,jcb
702,23,5/11/2022,30246824372620,diners-club-carte-blanche
703,16,3/16/2017,4017956686844,visa
704,48,4/3/2020,4844614728788605,visa-electron
705,22,11/29/2017,490548568153321417,switch
706,40,6/23/2018,3562835465008509,jcb
707,19,5/2/2022,5007664188690395,mastercard
708,31,5/28/2022,5002352913211951,mastercard
709,74,6/5/2019,3578259787695947,jcb
710,26,7/3/2021,5222802573663192,mastercard
711,94,6/19/2018,3529108417414676,jcb
712,2,8/30/2019,3567088745832984,jcb
713,96,7/2/2022,3575549181736427,jcb
714,20,1/26/2018,3547224227708328,jcb
715,22,12/16/2021,3572450260412779,jcb
716,75,12/23/2017,3567629947693037,jcb
717,17,8/18/2020,633399508703654730,switch
718,23,11/26/2016,3574730615547496,jcb
719,64,9/2/2021,5108757920072589,mastercard
720,18,2/5/2018,3580005496556391,jcb
721,81,2/17/2017,3586981929063342,jcb
722,41,7/2/2022,3562576502382339,jcb
723,56,11/12/2021,3582832767995307,jcb
724,43,10/2/2016,3571528208070170,jcb
725,13,5/19/2020,67633023980840314,maestro
726,90,1/9/2019,5100172190394069,mastercard
727,31,11/28/2018,3583119325211875,jcb
728,12,3/11/2017,3545079877098830,jcb
729,79,11/24/2021,3532187395996271,jcb
730,51,11/27/2016,3575625981147757,jcb
731,100,6/12/2019,5010120885182181,mastercard
732,40,3/12/2017,201467526182801,diners-club-enroute
733,85,7/10/2016,4913915742840777,visa-electron
734,69999,3/8/2018,3589586474659803,jcb
735,4,7/14/2017,3538579436152787,jcb
736,96,3/11/2017,3534693873510698,jcb
737,71,5/16/2017,201701709076541,diners-club-enroute
738,28,1/1/2018,3535559018842461,jcb
739,62,12/5/2017,6333278784300634089,switch
740,49,10/18/2016,3583679353248677,jcb
741,71,5/4/2018,3549345975339954,jcb
742,76,4/8/2021,3537898819941140,jcb
743,27,6/8/2016,3557441358172101,jcb
744,43,7/29/2020,63042119591033549,maestro
745,65,10/10/2022,3550694522223831,jcb
746,24,10/22/2018,374288368575238,americanexpress
747,91,9/20/2020,3539342949430060,jcb
748,81,3/8/2017,6759296580756223,maestro
749,58,5/20/2019,30565542316290,diners-club-carte-blanche
750,82,8/28/2016,4844398055091953,visa-electron
751,45,2/29/2020,30269704670483,diners-club-carte-blanche
752,62,7/21/2019,5435401624906479,diners-club-us-ca
753,38,11/8/2019,6759175873844555874,maestro
754,93,10/17/2016,3572940985853364,jcb
755,83,6/25/2017,6759587954381964,maestro
756,54,8/18/2018,4175004451530151,visa-electron
757,94,7/2/2016,5532044418144667,diners-club-us-ca
758,35,6/7/2018,6304710889632238439,maestro
759,24,1/22/2022,3538063118821225,jcb
760,41,5/31/2022,3544650428972953,jcb
761,76,8/10/2021,30065545480003,diners-club-carte-blanche
762,44,4/2/2017,5100132716948905,mastercard
763,39,5/24/2016,3532907647952958,jcb
764,24,5/23/2022,490329934238768516,switch
765,16,6/18/2021,3575193238653507,jcb
766,21,7/15/2021,3579190290510415,jcb
767,97,5/14/2016,3572627621492836,jcb
768,98,5/27/2022,36395984749558,diners-club-international
769,4,4/30/2018,6399590178806358,instapayment
770,7,10/14/2022,3557930224030121,jcb
771,62,3/21/2021,4903677190593694,switch
772,78,11/10/2020,201993388605837,diners-club-enroute
773,19,10/27/2017,3566954003889779,jcb
774,5,7/18/2022,6331109012020318166,switch
775,59,9/17/2016,6771514069265480,laser
776,73,9/15/2020,337941733017528,americanexpress
777,34,4/29/2022,4903184887054742,switch
778,83,1/15/2021,3562319765593742,jcb
779,69999,4/25/2022,3558300746928393,jcb
780,41,8/20/2019,3553560416550406,jcb
781,11,1/23/2018,4911525743999720,switch
782,65,9/20/2018,6333190369127671632,switch
783,43,10/13/2020,67091113147780530,laser
784,2,2/7/2021,6334791410686255,solo
785,59,6/9/2018,5499726806547946,diners-club-us-ca
786,86,7/2/2018,490354029722540022,switch
787,92,1/18/2021,5410711926364196,diners-club-us-ca
788,81,6/12/2017,5505758854559574,diners-club-us-ca
789,54,5/8/2016,372981598458470,americanexpress
790,80,8/26/2018,4405046608890006,visa-electron
791,11,4/12/2017,3558714389408515,jcb
792,1,1/19/2022,6372062271816305,instapayment
793,18,10/15/2017,3534070840105565,jcb
794,78,12/9/2017,6767265707925052035,solo
795,85,6/13/2019,201620933194849,diners-club-enroute
796,20,7/3/2020,5572086419494055,mastercard
797,35,6/6/2020,5007668957330596,mastercard
798,97,2/20/2018,3553264409239487,jcb
799,68,2/13/2019,4903821865950233985,switch
800,53,10/16/2020,4913490456328047,visa-electron
801,50,10/21/2021,4041590043888844,visa
802,56,6/20/2018,3568521737726300,jcb
803,78,11/21/2021,3587317856797306,jcb
804,63,11/22/2020,6331106085517947997,switch
805,73,3/22/2019,63049254851992713,maestro
806,93,1/13/2017,4936038762067368862,switch
807,19,7/10/2017,4041376705846167,visa
808,11,10/16/2020,4026732378740807,visa-electron
809,72,6/15/2018,3587957272457421,jcb
810,71,4/23/2022,3577405551911009,jcb
811,32,6/29/2019,30005890433413,diners-club-carte-blanche
812,98,6/4/2018,5602236164894710,bankcard
813,76,3/9/2021,5108757585063899,mastercard
814,96,2/13/2021,4903801930326336,switch
815,51,4/21/2018,3547219259659340,jcb
816,32,8/31/2017,060458040564729413,maestro
817,17,12/8/2018,56022247037312603,china-unionpay
818,5,7/23/2021,633471855897985060,solo
819,66,6/11/2018,374288828076314,americanexpress
820,55,1/28/2017,3531585994826487,jcb
821,19,6/24/2017,493643505308475944,switch
822,65,5/30/2019,201758265939470,diners-club-enroute
823,51,11/2/2016,56100122189987277,china-unionpay
824,51,2/22/2017,3585916595003561,jcb
825,87,2/24/2021,3552917123790918,jcb
826,93,7/5/2020,374622097039506,americanexpress
827,28,10/18/2021,5010129735898300,mastercard
828,82,8/7/2018,5100170470940122,mastercard
829,16,1/17/2017,6333919419861216654,switch
830,38,3/22/2022,6388202905317880,instapayment
831,93,6/26/2019,3556427136335046,jcb
832,79,7/8/2017,3573650771441683,jcb
833,77,1/1/2018,3529240678298173,jcb
834,40,9/10/2018,3563432352563348,jcb
835,97,3/17/2020,3548175328445781,jcb
836,77,12/26/2017,3558813515548895,jcb
837,45,3/26/2021,3563874272406654,jcb
838,5,8/4/2021,36668460479001,diners-club-international
839,84,3/31/2022,3571794713153014,jcb
840,79,11/8/2016,3562011731623428,jcb
841,42,11/12/2018,3584776381399818,jcb
842,42,3/6/2019,30087548349910,diners-club-carte-blanche
843,38,7/9/2017,4026567497342345,visa-electron
844,23,8/24/2018,5602255980436084,bankcard
845,70,1/6/2017,3564207578927835,jcb
846,72,3/18/2019,491110261816297069,switch
847,63,2/21/2017,5010121293409737,mastercard
848,20,9/14/2019,3563745945588690,jcb
849,3,12/22/2018,4026341246870760,visa-electron
850,61,5/20/2021,5412525516037220,diners-club-us-ca
851,68,10/28/2017,3528457000416320,jcb
852,19,5/11/2020,50203190079989595,maestro
853,54,2/1/2021,3570954125669467,jcb
854,65,12/29/2020,3529645358434882,jcb
855,14,3/6/2019,30304878142389,diners-club-carte-blanche
856,13,11/29/2017,3545567251405951,jcb
857,47,4/15/2022,3558412043910659,jcb
858,26,9/15/2016,501880834966017000,maestro
859,3,11/24/2019,3538062287000132,jcb
860,65,6/18/2020,5100144218843690,mastercard
861,57,4/7/2022,6304501639294161,laser
862,57,8/8/2019,5100174171844856,mastercard
863,5,8/6/2020,5602240935050529,china-unionpay
864,74,10/31/2017,3572522490384497,jcb
865,15,10/29/2021,3538238066781015,jcb
866,53,1/29/2017,5108759649145415,mastercard
867,92,6/3/2021,3576732100958509,jcb
868,9,7/8/2019,06045643335436235,maestro
869,54,11/7/2022,5602259634640893,china-unionpay
870,43,4/14/2019,3539514574216648,jcb
871,90,12/29/2016,30324089660144,diners-club-carte-blanche
872,27,10/17/2019,374622596821156,americanexpress
873,11,8/11/2022,5610514492806766,china-unionpay
874,72,9/18/2019,5048373523952590,mastercard
875,1,7/15/2016,3572683930261800,jcb
876,66,12/31/2017,201703488804051,diners-club-enroute
877,63,2/7/2022,4879631821329820,visa
878,53,10/24/2021,6759363512486231319,maestro
879,91,5/15/2022,374283066701442,americanexpress
880,15,8/31/2022,6761265350828336,maestro
881,4,10/2/2018,3547347331280247,jcb
882,93,1/31/2021,5434174740578438,mastercard
883,42,2/28/2018,3575761104806993,jcb
884,67,3/11/2019,3580911892176199,jcb
885,23,12/21/2017,5602243825299115,bankcard
886,57,12/20/2018,3584361287568301,jcb
887,72,2/15/2019,3548947883387875,jcb
888,30,10/24/2021,3550763685061054,jcb
889,21,7/24/2019,3541011048829201,jcb
890,35,2/19/2022,589390292685149448,maestro
891,66,7/20/2019,4917121406444958,visa-electron
892,79,4/7/2017,3578582000349491,jcb
893,79,8/19/2022,30491535436930,diners-club-carte-blanche
894,89,4/14/2019,560221907273545857,china-unionpay
895,54,6/14/2017,3538764095799314,jcb
896,92,6/14/2022,4844687298106440,visa-electron
897,40,12/19/2020,6767182913927105,solo
898,5,7/19/2020,341773945303451,americanexpress
899,12,7/9/2019,5602222737384561,bankcard
900,75,7/8/2022,503894140364318762,maestro
901,70,11/1/2017,58935791030854493,maestro
902,75,1/16/2018,5602226321490585,bankcard
903,72,8/3/2018,201962034008878,diners-club-enroute
904,10,2/25/2020,4969415219577,visa
905,1,10/21/2020,3538306719285989,jcb
906,70,9/20/2020,30426242853464,diners-club-carte-blanche
907,53,3/27/2018,201652405648465,diners-club-enroute
908,11,12/26/2017,5610398653618693,bankcard
909,36,3/30/2020,3559775527088138,jcb
910,46,10/4/2018,5010123226991989,mastercard
911,2,11/30/2021,3528445797968918,jcb
912,98,3/22/2017,3579068321946644,jcb
913,45,9/24/2017,30090468900969,diners-club-carte-blanche
914,2,12/30/2021,3572632050972092,jcb
915,23,7/18/2017,5471504293715959,mastercard
916,24,7/15/2016,3581701974955217,jcb
917,91,8/19/2019,5610896239060377381,china-unionpay
918,39,6/9/2022,3539087421752644,jcb
919,26,9/5/2021,3562946765596844,jcb
920,91,1/17/2022,4463386500891127,visa
921,35,1/30/2020,3550037718978984,jcb
922,60,5/29/2018,3546180236508185,jcb
923,39,12/13/2021,060407806280998652,maestro
924,70,4/5/2018,675965483459366860,maestro
925,66,9/30/2021,5586289466768108,mastercard
926,98,1/25/2020,3544694029036214,jcb
927,83,12/10/2017,3587405013712613,jcb
928,73,8/2/2018,560225504994039694,china-unionpay
929,98,8/2/2017,3535588866700497,jcb
930,1,5/4/2022,5602258104913236,bankcard
931,48,8/26/2018,3559355149543651,jcb
932,36,11/23/2016,201851444313095,diners-club-enroute
933,76,8/3/2022,6392880693486175,instapayment
934,89,3/2/2022,30226155860633,diners-club-carte-blanche
935,43,1/3/2021,3563240019070577,jcb
936,87,7/29/2017,6762660290967963957,maestro
937,97,8/19/2022,6759436437432608,switch
938,28,8/7/2020,3559121358167693,jcb
939,75,5/11/2021,3587397955817502,jcb
940,55,11/24/2020,5610627546050072,bankcard
941,17,12/19/2017,3574801986285634,jcb
942,46,4/4/2022,30115331051995,diners-club-carte-blanche
943,100,8/16/2020,3533794623193727,jcb
944,92,10/23/2022,3545944107465861,jcb
945,6,9/17/2021,5602229060337974114,china-unionpay
946,21,5/29/2016,5602257264197648,bankcard
947,31,5/28/2022,5602239924033405,bankcard
948,90,6/22/2022,633319195603739261,switch
949,82,6/13/2020,3581640719788170,jcb
950,75,1/22/2020,6761108848020043,maestro
951,22,4/25/2019,3586670057345908,jcb
952,87,5/6/2021,6759978129939549,switch
953,63,1/26/2018,5602255994027424,bankcard
954,14,10/14/2018,5007664320430247,mastercard
955,52,12/19/2021,3551217093432661,jcb
956,60,3/22/2019,5108758176024126,mastercard
957,7,12/14/2019,6759362845233752,switch
958,12,7/6/2017,6759178821669482,switch
959,100,12/31/2016,5100148518838482,mastercard
960,75,9/11/2016,3538395508915427,jcb
961,59,5/30/2021,3530537605368285,jcb
962,89,1/8/2018,3552582267294661,jcb
963,80,7/23/2020,5237612378020909,mastercard
964,24,5/1/2016,5602216214139001,china-unionpay
965,81,10/2/2021,3566541303787413,jcb
966,81,5/15/2017,6334640350609191,solo
967,20,9/25/2018,3528559531625400,jcb
968,100,8/25/2022,3583042787819045,jcb
969,46,2/12/2022,3554757948392757,jcb
970,14,9/24/2017,36541651593411,diners-club-international
971,54,3/17/2018,5177230522256469,mastercard
972,83,7/21/2016,5108759108630246,mastercard
973,100,9/3/2017,4405970453894674,visa-electron
974,4,8/30/2021,3546733705443050,jcb
975,13,1/20/2021,30265311733532,diners-club-carte-blanche
976,70,5/21/2022,3571043897580695,jcb
977,55,4/3/2018,3551891839249801,jcb
978,58,9/6/2020,374622704296648,americanexpress
979,89,4/21/2022,345277186422539,americanexpress
980,79,2/26/2020,3556684204806304,jcb
981,61,5/24/2020,6386177253296930,instapayment
982,82,2/7/2020,3548174998658989,jcb
983,66,11/10/2018,63046504977886857,maestro
984,18,11/17/2019,4175008990035523,visa-electron
985,98,7/5/2018,56022232522274187,china-unionpay
986,41,9/10/2019,3556815528768719,jcb
987,24,8/8/2020,5020791233373173,maestro
988,27,12/7/2019,5108759284407377,mastercard
989,92,9/4/2016,676252329153263640,maestro
990,46,5/24/2018,4508817045596364,visa-electron
991,10,12/6/2021,6334682554641893,solo
992,84,9/5/2018,3585912835915425,jcb
993,39,8/19/2017,3540532325050196,jcb
994,98,3/13/2018,4936379472213320,switch
995,80,3/30/2022,5007668360355214,mastercard
996,64,9/19/2016,3564090151892026,jcb
997,75,1/7/2022,3568989207492002,jcb
998,49,3/16/2019,3581106869863692,jcb
999,68,8/4/2018,3556399526727456,jcb
1000,89,8/24/2017,490308128910952291,switch
